algorithm,env_key,status,count
a2c,halfcheetah_v4,partial_or_corrupted,5
a2c,hopper_v4,partial_or_corrupted,5
a2c,pendulum_v1,partial_or_corrupted,5
a2c,walker2d_v4,partial_or_corrupted,5
ppo_clip,halfcheetah_v4,partial_or_corrupted,5
ppo_clip,hopper_v4,partial_or_corrupted,5
ppo_clip,pendulum_v1,partial_or_corrupted,5
ppo_clip,walker2d_v4,partial_or_corrupted,5
ppo_kl,halfcheetah_v4,partial_or_corrupted,5
ppo_kl,hopper_v4,partial_or_corrupted,5
ppo_kl,pendulum_v1,partial_or_corrupted,5
ppo_kl,walker2d_v4,partial_or_corrupted,5
trpo,halfcheetah_v4,partial_or_corrupted,5
trpo,hopper_v4,partial_or_corrupted,5
trpo,pendulum_v1,partial_or_corrupted,5
trpo,walker2d_v4,partial_or_corrupted,5
